WKT,id,title_no,status,type,land_district,issue_date,guarantee_status,estate_description,number_owners,spatial_extents_shared
"MULTIPOLYGON (((176.4439785667 -40.5277903333,176.4446688333 -40.5225980167,176.4435678 -40.5212378833,176.44398325 -40.5189020667,176.4447304167 -40.517556,176.4449685833 -40.5171269167,176.4470039 -40.5165398167,176.4480402167 -40.515702,176.4493728 -40.5155405,176.4520705333 -40.5131605167,176.4527557333 -40.5118101833,176.4532429167 -40.5110529333,176.4531007833 -40.5105684,176.4534560167 -40.50970095,176.4541685 -40.50935035,176.4548124667 -40.50866145,176.4556539667 -40.5084234167,176.4564547167 -40.50791935,176.4573224 -40.5076645333,176.4593332833 -40.5077198833,176.4593540667 -40.5077146833,176.4610378333 -40.5078718,176.4610745833 -40.5078722167,176.4611112 -40.5078711167,176.4611884833 -40.5078408167,176.46125855 -40.5077977167,176.46133805 -40.5077532333,176.4615432833 -40.5076818833,176.4615488833 -40.5076799333,176.4617516333 -40.50757935,176.4618257833 -40.5075431,176.46202885 -40.5074632667,176.4620637833 -40.5074525333,176.4622365167 -40.5074105333,176.4623562667 -40.5074111167,176.46253675 -40.5074518667,176.4627504167 -40.50752025,176.46275475 -40.5075216333,176.4627751 -40.50752615,176.4627811167 -40.5075275,176.4629788333 -40.5075474667,176.4629985 -40.50754945,176.4632050833 -40.50749365,176.4632310167 -40.50748665,176.4633765333 -40.5073198833,176.4633879167 -40.50730685,176.4634135167 -40.5071130667,176.4634140833 -40.5071087333,176.4634113333 -40.5070523333,176.4634102167 -40.5069053667,176.4634263 -40.50673225,176.46344505 -40.50667645,176.46354535 -40.5065274167,176.4635779 -40.5064947333,176.4637330667 -40.5063681667,176.4637335333 -40.50636785,176.4639159833 -40.50626285,176.4640250333 -40.5062146,176.4642297 -40.5061355833,176.4644449833 -40.5060716833,176.4644929 -40.5060591667,176.4647147167 -40.5060042167,176.4647755833 -40.5059917167,176.4649633667 -40.50595855,176.4651243833 -40.5059785667,176.4653025667 -40.5060705833,176.46536325 -40.5061046,176.4653707167 -40.5061087833,176.46559535 -40.5061834,176.4655962167 -40.5061836833,176.46565885 -40.5062032,176.4658680167 -40.5062817667,176.4658687167 -40.5062820333,176.4659389167 -40.50630715,176.4659407833 -40.5063078167,176.4661610833 -40.5063766167,176.46616955 -40.50637925,176.4664019833 -40.5064093,176.4664120167 -40.5064105833,176.46665715 -40.5063960167,176.4666588833 -40.5063959,176.4667083667 -40.50639135,176.4669191833 -40.5063800833,176.4669213333 -40.5063799667,176.4671582333 -40.5063578167,176.4671624667 -40.5063574167,176.4672713167 -40.5063384,176.4672757667 -40.5063376167,176.4674712333 -40.5062856167,176.4674723333 -40.5062853333,176.46769395 -40.506221,176.4676950167 -40.5062207,176.4678374 -40.5061758833,176.4680570333 -40.50610865,176.46806145 -40.5061073,176.4681555667 -40.5060683667,176.46816185 -40.5060657667,176.46835115 -40.5059513833,176.46835915 -40.50594695,176.4685088833 -40.5058793167,176.4687212333 -40.5058243,176.4688267 -40.50580245,176.4688288167 -40.5058020167,176.4690519833 -40.5057459333,176.4692042167 -40.5057173667,176.4694311 -40.50570545,176.4696106833 -40.50570035,176.4696286 -40.5056998333,176.46985075 -40.5056148333,176.4698563667 -40.5056126833,176.4700545 -40.5055055167,176.4700593 -40.5055029333,176.47011295 -40.5054641,176.4701162167 -40.50546175,176.4702722 -40.5053213,176.4702770167 -40.50531695,176.47035215 -40.5052175167,176.4703551167 -40.5052136,176.47044465 -40.5050425333,176.4704463167 -40.5050393833,176.4704785833 -40.50495125,176.47047915 -40.5049496667,176.47053115 -40.50477235,176.4705314 -40.5047714333,176.470576 -40.5045949167,176.4706038 -40.5045082833,176.47066905 -40.5043396333,176.47076495 -40.5041867333,176.47090325 -40.50405155,176.4709587 -40.5040135167,176.4711425833 -40.5039164333,176.4711813333 -40.50390345,176.4713808667 -40.5038635333,176.4715131 -40.5038757167,176.4715785333 -40.5039480333,176.4716581 -40.5040785833,176.47166155 -40.50408425,176.4717514667 -40.5041778,176.4717986333 -40.5043010667,176.4718262167 -40.5044705,176.47183535 -40.5046480667,176.47183545 -40.5046498667,176.4718578 -40.5048264667,176.4718588 -40.5048342167,176.47193605 -40.5049997833,176.4719414167 -40.5050112833,176.4720757333 -40.5051270167,176.4720836333 -40.5051338167,176.4722418667 -40.5052094167,176.4722649333 -40.5052204333,176.4724655667 -40.5052086167,176.4724931667 -40.505207,176.4726694333 -40.50508805,176.4726847833 -40.5050777,176.4727748333 -40.5048954,176.4727773833 -40.5048902333,176.47279 -40.5048391,176.4727901167 -40.5048386,176.4728432333 -40.5046029167,176.4728716333 -40.5045128167,176.4729043333 -40.5044964667,176.4730146833 -40.5044949833,176.4731102167 -40.5045244333,176.4732093333 -40.5046307833,176.4732979167 -40.5047872667,176.4733079167 -40.50481065,176.4733730333 -40.5049815667,176.4734101333 -40.5050905833,176.4734104833 -40.5050915833,176.47347765 -40.5052653,176.4734783333 -40.5052670833,176.4735453167 -40.5054091833,176.47354195 -40.5055090833,176.4735138667 -40.5056576167,176.4734078833 -40.5058011667,176.47340635 -40.50580325,176.4733111 -40.5059586333,176.4733070167 -40.5059652667,176.4732663667 -40.506114,176.4732626 -40.5061277333,176.4733022667 -40.50625565,176.4733082 -40.5062747667,176.4734737167 -40.5063888167,176.4734868667 -40.5063978833,176.4736401333 -40.50643555,176.4736673833 -40.5064422333,176.4738916667 -40.5063785667,176.4738973 -40.50637695,176.47410925 -40.5062883,176.4741103167 -40.50628785,176.47421055 -40.5062429167,176.4744188667 -40.5061646833,176.4745611333 -40.5061134167,176.47456155 -40.5061132833,176.4747719333 -40.5060352833,176.4747770833 -40.50603365,176.4749891667 -40.50597975,176.47519395 -40.5059646333,176.4753981 -40.50600665,176.4755754167 -40.50611305,176.4755778167 -40.5061144833,176.47571865 -40.50618685,176.47572615 -40.5061907,176.4758659167 -40.5062326,176.4759883667 -40.5062855167,176.4760655833 -40.5063579667,176.4760784167 -40.5064986833,176.47606625 -40.5066325667,176.4760651333 -40.5066448,176.47612615 -40.50678765,176.4761346667 -40.5068076,176.4763429333 -40.5069193833,176.4763647167 -40.5069310833,176.4766244167 -40.5069288667,176.4766394 -40.5069287333,176.4768734 -40.50685945,176.47688015 -40.50685745,176.4768959 -40.5068501667,176.4768989667 -40.50684875,176.47706785 -40.5067544167,176.47708325 -40.5067458167,176.4771929833 -40.5065870333,176.4771972167 -40.5065809167,176.4772617167 -40.5064009,176.4772630667 -40.5063971833,176.4772828167 -40.5062935333,176.4772832 -40.5062914667,176.4773017 -40.5061126333,176.4773143667 -40.5060630167,176.4773675333 -40.5059599333,176.4774658333 -40.5059115333,176.4776099667 -40.5059111333,176.4777847667 -40.5059628167,176.4779574667 -40.50606255,176.47809995 -40.5061722333,176.4781012167 -40.5061732167,176.47827525 -40.5062959333,176.4785201833 -40.5064758,176.4785411833 -40.50649615,176.4786068167 -40.5065793167,176.4786221167 -40.5066714833,176.47859325 -40.5067985833,176.4784839333 -40.5070417167,176.4783993167 -40.5072086333,176.4783985167 -40.50721025,176.47838485 -40.5072423167,176.4783837667 -40.50724485,176.4783403333 -40.50738655,176.4782735333 -40.5074851333,176.4781074667 -40.5076272833,176.47810435 -40.5076299333,176.477999 -40.5077437333,176.4779960167 -40.5077469333,176.4778896 -40.5078989167,176.4778874833 -40.50790195,176.4778080333 -40.50805285,176.4778003333 -40.5080674667,176.4778278667 -40.50826235,176.4778290667 -40.5082707,176.4778370667 -40.5082864,176.47783965 -40.50829145,176.4779649833 -40.5084498,176.4779694 -40.5084553667,176.4780347667 -40.5085090333,176.4780372833 -40.5085111,176.47821535 -40.5086333167,176.47821585 -40.50863365,176.47824935 -40.5086559167,176.4784094167 -40.50878265,176.4785223833 -40.5088794167,176.478523 -40.50887995,176.4786825 -40.5090105333,176.4787492333 -40.5090763333,176.4788628333 -40.5092254167,176.4788711333 -40.5092398833,176.4789407167 -40.5094069,176.4789707667 -40.5094896,176.4789715167 -40.5094916333,176.47905055 -40.5096635833,176.47905155 -40.50966575,176.4790559333 -40.5096734333,176.4790569833 -40.5096752667,176.4791495 -40.5098129167,176.4792025333 -40.5099056667,176.4792256333 -40.50999825,176.4792291333 -40.5100123,176.4793101167 -40.51009635,176.4793597333 -40.5102552833,176.4793851333 -40.5104298167,176.4793857667 -40.5104341833,176.4794454667 -40.5106129,176.4794463333 -40.51061545,176.4794807833 -40.5106914167,176.47948105 -40.5106919833,176.4795631667 -40.5108621667,176.4795653833 -40.51086675,176.4795888167 -40.5108989,176.4795924667 -40.5109039,176.4797471 -40.51104725,176.4797503833 -40.5110502833,176.4797901333 -40.51107895,176.4797911 -40.51107965,176.47996905 -40.51119995,176.4799739333 -40.51120325,176.4799996667 -40.51121575,176.4800047833 -40.5112182333,176.4802264167 -40.5112938667,176.4802442667 -40.51129995,176.4802682833 -40.5112991333,176.4802833667 -40.5112986167,176.4804652 -40.5112388833,176.4804782 -40.5112346167,176.4806185167 -40.5111356333,176.4806294667 -40.5111279167,176.48071235 -40.5110026667,176.4807176667 -40.5109946167,176.4807628 -40.5108090333,176.4807634167 -40.5108065,176.4807687833 -40.51076645,176.4807948667 -40.5105896,176.4808368833 -40.5104468333,176.4809263 -40.5102968833,176.4809272167 -40.5102961667,176.48108545 -40.5102329167,176.4811991333 -40.51023655,176.4813596167 -40.5103275,176.48141185 -40.5103704,176.48141445 -40.5103725167,176.48159055 -40.5104927167,176.4816007333 -40.5105010167,176.4817018833 -40.51059665,176.4817656833 -40.5107137667,176.4817779 -40.5107850333,176.4816695833 -40.5108704167,176.4815264667 -40.51096305,176.4815115 -40.51097275,176.4814644167 -40.5110576167,176.4813992167 -40.51109505,176.4813918833 -40.5110992667,176.48131375 -40.5111694333,176.48130725 -40.5111752833,176.4812510167 -40.5112614167,176.48124325 -40.5112733333,176.4812371333 -40.5113745167,176.4812366667 -40.5113820333,176.4813158333 -40.5116937833,176.4813251833 -40.5118163333,176.4813048167 -40.5119392833,176.4812383833 -40.5120743333,176.4811733333 -40.5121736833,176.4811638667 -40.51218815,176.48117115 -40.5123294833,176.4811722333 -40.5123503167,176.4812791667 -40.5124515833,176.4812965333 -40.5124680333,176.4815157833 -40.51251,176.4815167167 -40.5125101833,176.4817029833 -40.5125423167,176.4819326667 -40.5125830833,176.4819337333 -40.5125832667,176.4820958667 -40.5126085833,176.4820976333 -40.5126088667,176.48229775 -40.5126332,176.4822988333 -40.5126333333,176.4824557667 -40.5126491667,176.48253485 -40.5127341,176.4825667 -40.51289275,176.4825689667 -40.5130774333,176.482569 -40.5130798333,176.4825704333 -40.5130925,176.48257075 -40.5130953,176.48259675 -40.5132076333,176.4825986167 -40.5132157167,176.48267495 -40.5133413333,176.4826863833 -40.5133601333,176.4828109167 -40.5134122,176.48283345 -40.5134216167,176.4829636667 -40.51341145,176.4829967167 -40.5134088667,176.48312495 -40.5132935833,176.4831341333 -40.5132853167,176.48321655 -40.51311995,176.4832190667 -40.5131148833,176.4832653167 -40.5129334167,176.48326585 -40.5129313,176.48329465 -40.5127545,176.4833404667 -40.5125812833,176.4833821833 -40.5124459167,176.48340605 -40.5123752167,176.48348145 -40.5123504333,176.4836250333 -40.5123440333,176.4837717 -40.51238055,176.4838879 -40.5124666167,176.4840073333 -40.51260705,176.4840344333 -40.5126592667,176.4840734167 -40.512829,176.48409285 -40.51292555,176.4840938333 -40.5129304667,176.4841577 -40.5130828833,176.4841314667 -40.5132438333,176.4840760667 -40.51340885,176.4840725167 -40.5134130667,176.4839936833 -40.51347005,176.4837877833 -40.5135119167,176.4836401167 -40.5135368,176.48362475 -40.5135393833,176.48347735 -40.5136153167,176.4834562333 -40.5136262,176.4833989833 -40.51373595,176.4833982667 -40.5137373333,176.48335915 -40.5138240833,176.4832848167 -40.5139193667,176.4832118333 -40.5140001,176.4832077333 -40.5140046167,176.48310655 -40.5141730167,176.483105 -40.5141756,176.4830641167 -40.5142638833,176.4829793833 -40.5144317167,176.48297695 -40.5144365333,176.4829689 -40.5144662167,176.4829672667 -40.5144722333,176.48296485 -40.5146587833,176.4829647833 -40.51466515,176.4829727333 -40.51469645,176.4829738167 -40.5147007167,176.4830499333 -40.51487055,176.48306055 -40.5148942667,176.4832953833 -40.5149885667,176.4833007667 -40.5149907167,176.4833740333 -40.5150103667,176.4835263333 -40.51506715,176.4836549833 -40.5151956667,176.4836694667 -40.5152134833,176.4836708667 -40.5152151833,176.4838114667 -40.5153655667,176.4838134167 -40.5153676333,176.4839603 -40.5155005833,176.4839632833 -40.5155032833,176.4840890333 -40.5155941667,176.4841179167 -40.5156824167,176.4840851667 -40.515823,176.4839964 -40.515973,176.48391495 -40.5160980667,176.4838657 -40.5161352167,176.4837834333 -40.5161561333,176.4837706 -40.5161594167,176.4836449833 -40.51623175,176.4836253167 -40.5162430833,176.48353805 -40.51642865,176.4835346667 -40.5164358167,176.4835257167 -40.5165012333,176.48352565 -40.5165016833,176.4835045167 -40.5166814667,176.4835044 -40.5166824167,176.4835029167 -40.5167015,176.48347955 -40.51687945,176.4834794667 -40.5168801167,176.4834706 -40.5169657333,176.4834704667 -40.5169670333,176.4834609 -40.5171623833,176.4834406833 -40.5173256833,176.4834050333 -40.5174561833,176.4833122833 -40.5176025333,176.4833119167 -40.5176031,176.4832178 -40.5177594,176.4832157833 -40.5177627333,176.4831413333 -40.5179375,176.4831404 -40.5179397333,176.48309695 -40.5180750333,176.4830963667 -40.5180768333,176.4830667333 -40.5182001,176.4830108833 -40.5183637667,176.4829462333 -40.5185256,176.4828792667 -40.5186337167,176.4827786833 -40.5187401833,176.4826799167 -40.5187979667,176.4826716333 -40.5188028333,176.4825195167 -40.5189507667,176.4825163333 -40.5189538833,176.4825031167 -40.5189706833,176.4825022833 -40.51897175,176.4824105167 -40.5190996333,176.4823128 -40.51922165,176.4823069 -40.519229,176.4822518833 -40.5193767167,176.4822453 -40.5193943833,176.4822938167 -40.5195185167,176.4822997333 -40.5195336167,176.4824613667 -40.5196582333,176.4824674 -40.5196628833,176.48267135 -40.51976575,176.4826723167 -40.51976625,176.4828674167 -40.5198587333,176.4828792667 -40.51986435,176.4830892667 -40.5199003833,176.4832862 -40.5199439833,176.4832899 -40.5199448,176.4835262167 -40.5199793667,176.4835313833 -40.5199801167,176.4836543333 -40.5199859667,176.4836589833 -40.5199861833,176.4839003167 -40.5199768833,176.48390815 -40.5199765833,176.48396715 -40.5199655833,176.4839736833 -40.5199643667,176.4841672667 -40.5199015667,176.4841715667 -40.5199001667,176.4843732333 -40.5198129833,176.4845656333 -40.51976885,176.4845683833 -40.5197682167,176.4847458167 -40.5197170667,176.48475795 -40.5197135833,176.4848575333 -40.5196531,176.4850538 -40.5195743,176.4851112333 -40.5195598667,176.48533165 -40.5195231667,176.4854093667 -40.5195199,176.48563485 -40.51952865,176.4856976333 -40.5195385167,176.4859133167 -40.5195931,176.4859477667 -40.5196046333,176.4861570333 -40.5196808333,176.48620475 -40.5197014167,176.4864 -40.51979355,176.4864051833 -40.5197967333,176.4865561667 -40.5199272167,176.4866338333 -40.5199957333,176.48663805 -40.51999945,176.4868244333 -40.5201196167,176.4868299 -40.52012315,176.4869053667 -40.5201567833,176.4869108167 -40.5201592167,176.4871391833 -40.5202281167,176.48714995 -40.5202313667,176.4873175 -40.5202439333,176.4873281 -40.5202447333,176.4875726667 -40.52021485,176.4875825833 -40.52021365,176.48763805 -40.5201957167,176.4876455667 -40.5201932833,176.4878468833 -40.5200886667,176.4878526 -40.5200857,176.4879182833 -40.5200375833,176.4879197333 -40.5200365167,176.4880587667 -40.5199241833,176.4882441167 -40.5198366,176.48840055 -40.5197889,176.4886200333 -40.5197526,176.48873615 -40.5197429667,176.48890885 -40.51973305,176.4890714333 -40.5197518667,176.4890810333 -40.5197529833,176.4893255167 -40.5197373667,176.48933045 -40.51973705,176.4894307167 -40.5197212833,176.4894315 -40.51972115,176.4896081 -40.5196906667,176.4896108833 -40.5196901833,176.4899263333 -40.5196178833,176.4901303167 -40.5195803167,176.4902930833 -40.5195672167,176.4903452667 -40.5195959333,176.49035365 -40.51960055,176.4905052833 -40.5196460833,176.4906146667 -40.5197763667,176.4906335667 -40.5198060333,176.4906356833 -40.5198093667,176.4907531 -40.51994925,176.4908374167 -40.5201100167,176.4908663333 -40.5201693667,176.49086715 -40.5201710333,176.4909330833 -40.5202860167,176.4909337 -40.5202871,176.4910369833 -40.52045045,176.4910383833 -40.52045265,176.49105875 -40.5204793333,176.4910602167 -40.5204812667,176.4911638167 -40.5205973167,176.4912715833 -40.5207536167,176.4912724 -40.5207548167,176.49130515 -40.5207977667,176.49130725 -40.5208005167,176.49140945 -40.52090805,176.4915029167 -40.5210578333,176.4915080833 -40.52106615,176.4916689167 -40.5212021167,176.4918228167 -40.5213512,176.4918243167 -40.52135265,176.4919967333 -40.5215008333,176.49213145 -40.5216264,176.4922301167 -40.5217369,176.4922775167 -40.5218157833,176.4922784167 -40.5218172667,176.4923882 -40.5219774333,176.49240505 -40.5220041167,176.4924770333 -40.5221411,176.49250545 -40.52227925,176.49250975 -40.5224540333,176.4925094167 -40.5224785167,176.4925094 -40.5224791167,176.4925110833 -40.5226354833,176.4924796833 -40.5228084167,176.4924551833 -40.5229245667,176.4924547167 -40.5229268333,176.4924386333 -40.5230674667,176.4924385167 -40.5230684833,176.49242595 -40.5232445,176.49242305 -40.5232540667,176.4923633167 -40.52335725,176.4922421833 -40.5234207667,176.4921990833 -40.5234349333,176.4920968167 -40.5233996833,176.4918999667 -40.5233061167,176.49189325 -40.5233029333,176.4918519667 -40.52329085,176.4918424 -40.52328805,176.4916671833 -40.52327205,176.4916380833 -40.5232693833,176.4914466333 -40.52336155,176.49142165 -40.5233735667,176.4913536 -40.5235295833,176.4913471333 -40.5235444333,176.4913849167 -40.5237167833,176.4913878833 -40.5237303333,176.4915235667 -40.5238833167,176.4915301 -40.5238906667,176.4916817 -40.5239873167,176.4916993833 -40.5239986,176.4919270833 -40.52402515,176.4919367833 -40.5240262833,176.49208875 -40.5240164167,176.4921298333 -40.5240151833,176.4921790667 -40.5240778,176.49224275 -40.5242770667,176.4922441 -40.5242813,176.49233315 -40.5244527833,176.4923341833 -40.52445475,176.4924451333 -40.5246324,176.49244715 -40.5246356167,176.4925111 -40.52471385,176.4925135333 -40.5247168167,176.4926247667 -40.5248243333,176.49267465 -40.5248824667,176.4926940333 -40.5250269833,176.4926941667 -40.52502805,176.4927220833 -40.5251837,176.4927223 -40.52518495,176.4927521667 -40.5253131333,176.4927556 -40.5253278333,176.4928887 -40.5254639833,176.4929005167 -40.5254760667,176.4931303167 -40.5255630167,176.4931419833 -40.5255674167,176.4932497 -40.52557965,176.4932594833 -40.5255807667,176.49350325 -40.5255638333,176.49350505 -40.5255637,176.49358185 -40.5255557833,176.49377335 -40.5255545833,176.4939193 -40.5255909,176.4940295667 -40.5256841,176.4940906333 -40.5258384833,176.49409395 -40.5258547167,176.49412485 -40.5260328167,176.494125 -40.5260335833,176.4941531167 -40.5261696167,176.4941541 -40.52617435,176.4942277833 -40.5263509167,176.4942294667 -40.5263549,176.4942599833 -40.5264042667,176.4942624 -40.5264081833,176.49439435 -40.5265625333,176.4943946 -40.5265628167,176.4944216833 -40.5265937667,176.4945153167 -40.5267193333,176.49454045 -40.5268353833,176.4944983667 -40.5269746667,176.4943964833 -40.5270628167,176.4942692167 -40.5270893167,176.49406255 -40.5270614,176.49397645 -40.52704075,176.4939709833 -40.5270394333,176.4937326167 -40.5270089167,176.4937314667 -40.52700875,176.4935036 -40.5269846167,176.4935033833 -40.5269846,176.4932692167 -40.52696075,176.49326795 -40.5269606167,176.49299475 -40.5269392833,176.4929920667 -40.5269390833,176.4928192 -40.5269342667,176.49281605 -40.5269341667,176.4925997167 -40.5269407,176.4925802333 -40.5269412833,176.4923702333 -40.5270294833,176.4923543667 -40.52703615,176.4922038667 -40.52719175,176.4922004833 -40.5271952333,176.492176 -40.5272295667,176.4920608333 -40.5273862667,176.4920597833 -40.5273876833,176.49202115 -40.5274473,176.4920206167 -40.5274481333,176.4919283667 -40.5276018333,176.4917659 -40.5276979833,176.4916124833 -40.52777375,176.4914028167 -40.5277904667,176.49114145 -40.5277875667,176.4909901167 -40.5277840667,176.4909648 -40.5277834667,176.49078315 -40.52787135,176.4907691 -40.52787815,176.4906725333 -40.52798395,176.4906676667 -40.5279892667,176.4906102167 -40.52809215,176.4906022167 -40.52810645,176.49061665 -40.5282419,176.4906173333 -40.5282483167,176.4906767 -40.5284032167,176.4906726167 -40.5284824,176.4906267 -40.5286339333,176.4905554167 -40.5286761167,176.4905516167 -40.5286783833,176.4903773833 -40.5288089333,176.4903753333 -40.5288104667,176.4902256167 -40.5289393833,176.4902248 -40.5289401,176.4900742833 -40.5290778167,176.4900441833 -40.5291022667,176.4899077167 -40.5291971,176.4897629167 -40.5292933833,176.4895845333 -40.5294073167,176.4894310167 -40.5294914333,176.48920355 -40.5295894667,176.4892034167 -40.5295895333,176.4890297833 -40.529665,176.4890186833 -40.5296698333,176.4888965667 -40.52977065,176.4888867833 -40.5297787333,176.4888090667 -40.5299189,176.4888042 -40.5299276667,176.4887793333 -40.5301158333,176.4887772833 -40.5301313167,176.4888737333 -40.53031345,176.48887845 -40.5303223333,176.4889333833 -40.5303735667,176.4889384833 -40.5303783167,176.4891076833 -40.5304851,176.4891119333 -40.5304877833,176.48931725 -40.53058555,176.4893232333 -40.5305884,176.4893478833 -40.5305960833,176.4893546833 -40.5305982,176.4895919167 -40.5306369167,176.4895998667 -40.5306382167,176.4896892333 -40.5306392167,176.4898947333 -40.53062985,176.4901047167 -40.5306235167,176.49028015 -40.5306107667,176.4903564333 -40.5306141667,176.4905681 -40.530632,176.49064635 -40.5306462667,176.4908689333 -40.5306896,176.4909840833 -40.5307213667,176.4911903667 -40.5307987333,176.4911937333 -40.5308,176.4912529333 -40.53081875,176.49126095 -40.5308212833,176.4914825667 -40.53086385,176.4916759833 -40.5309375333,176.4917459 -40.5309724,176.4919335667 -40.5310748667,176.4919623 -40.53109215,176.49213665 -40.53119905,176.4921940833 -40.53125105,176.4922593667 -40.5313365,176.4923222167 -40.5314438667,176.4923480167 -40.5315102667,176.4903556667 -40.5318889333,176.4898519 -40.5323096333,176.4883628167 -40.53258015,176.4867328 -40.5325334,176.48432825 -40.5324213833,176.4815387 -40.5331949167,176.4782422 -40.5344694,176.4760901833 -40.5360546333,176.4737739 -40.5387284333,176.47376385 -40.5387258667,176.4702238 -40.5379506333,176.4650369333 -40.5389596,176.4632899833 -40.5391863,176.4634468667 -40.5385210167,176.4627385667 -40.53845735,176.4597161667 -40.5376788167,176.4574914333 -40.5366275833,176.4549328667 -40.5350058833,176.4556808667 -40.5341048333,176.4553146667 -40.5326117333,176.45361225 -40.5313431833,176.45166725 -40.53061465,176.449866 -40.5304463167,176.4479481167 -40.5286205167,176.4448595667 -40.5287685,176.4439785667 -40.5277903333)),((176.4905998 -40.5322016,176.4924079333 -40.53185795,176.4923916167 -40.5319364833,176.4923973167 -40.5320531667,176.4923494167 -40.5321767667,176.4923200333 -40.5322261833,176.4922949333 -40.5322524833,176.4921838667 -40.53233525,176.4921699 -40.5323496167,176.4921442833 -40.53236905,176.4920976 -40.5324284,176.4919973333 -40.5324946167,176.4918277667 -40.53255925,176.4917775 -40.5325706,176.49155435 -40.5326421167,176.4915224 -40.5326572667,176.4914401 -40.5327227167,176.4913939333 -40.5327889167,176.4913672 -40.5328336333,176.4913338667 -40.5329107333,176.4912857333 -40.5329907833,176.4911838833 -40.5331167,176.4911386667 -40.5331553333,176.4910292167 -40.5332196667,176.4910117333 -40.5332273,176.4909098167 -40.53331195,176.4907334667 -40.5334869333,176.49068825 -40.5335255833,176.4906511667 -40.5335524,176.4904485333 -40.5336574333,176.4903743667 -40.5337110667,176.4903134833 -40.5337412167,176.4901822833 -40.5338363,176.490157 -40.5338603167,176.4901397167 -40.5338702333,176.49010665 -40.5339106333,176.4900386333 -40.5339663167,176.4898970667 -40.5340434833,176.48985185 -40.5340821333,176.4897737333 -40.53416345,176.4896295167 -40.5342453333,176.4895789833 -40.5342933833,176.4895419667 -40.5343614667,176.48950925 -40.53440645,176.4894758333 -40.5344422833,176.4894048333 -40.5344980833,176.4893762333 -40.53451765,176.4893431667 -40.5345580667,176.4892736 -40.5346734167,176.4892401833 -40.53470925,176.4892061 -40.5347359333,176.4891472667 -40.5347935,176.4890815667 -40.5348399,176.4890079167 -40.5349004,176.4889422167 -40.5349468,176.4888123 -40.5350188833,176.48877805 -40.5350433,176.4887416333 -40.53507925,176.4887089167 -40.5351242333,176.4886028667 -40.5352342833,176.4885035667 -40.5353944833,176.4884542167 -40.5354585167,176.4884245 -40.5355033667,176.4883982833 -40.53555495,176.4883499667 -40.5356327,176.4882966 -40.53568315,176.4882582167 -40.53573295,176.4882009833 -40.53585235,176.4880585 -40.5360786167,176.4880166167 -40.5361217,176.4879366167 -40.5361778833,176.4878917333 -40.5362211,176.4878005 -40.5363282167,176.4877376333 -40.5363721833,176.4876799 -40.5364044833,176.4876173833 -40.5364530333,176.4875491 -40.5365454,176.48728675 -40.5367768333,176.4872441667 -40.5368107667,176.4871105667 -40.53687385,176.4870475333 -40.53691555,176.4868916167 -40.5370827667,176.4868587167 -40.5371254667,176.4867150167 -40.5374159833,176.4866796333 -40.53746565,176.4866530833 -40.5375126667,176.4866228333 -40.53755065,176.48658275 -40.5375776,176.4865207333 -40.537633,176.4864876667 -40.5376734167,176.4863227667 -40.5378410167,176.4862791667 -40.53786125,176.4860701 -40.53800095,176.4859248333 -40.5380691,176.4858236833 -40.5381239167,176.4856984667 -40.5382187333,176.4856407333 -40.5382510333,176.4855866833 -40.5382923333,176.4855404333 -40.53831725,176.48546155 -40.5383481667,176.485398 -40.538383,176.4853554333 -40.5384169333,176.4852576167 -40.5384761833,176.4851794167 -40.5385162333,176.4851294833 -40.5385321333,176.4848993667 -40.5386314667,176.4848238167 -40.5386668333,176.4847867333 -40.53869365,176.48475015 -40.5387273167,176.4846932833 -40.5387710333,176.4846443667 -40.5388006667,176.4844843667 -40.5389130333,176.4844507833 -40.5389465833,176.48439605 -40.5389787333,176.4843265 -40.5390138333,176.48421465 -40.5390461667,176.4839845167 -40.5391454833,176.4838670833 -40.5392239333,176.4838176667 -40.5392466833,176.4837412667 -40.5392706167,176.4836627333 -40.5393061,176.48361965 -40.5393331667,176.4835704 -40.5393582167,176.4833327 -40.5395175,176.4830451 -40.5398142,176.4829239 -40.5399226,176.4829046167 -40.53994635,176.4828708667 -40.5399776167,176.48284225 -40.5399971833,176.48276875 -40.5400599667,176.4826739 -40.5401993333,176.48261205 -40.5402570333,176.4825721167 -40.5402862667,176.4824994833 -40.5403604833,176.4824752333 -40.5403982167,176.48239445 -40.5404842333,176.4823492 -40.5405228667,176.4822862333 -40.5406058333,176.48225735 -40.5406621,176.482214 -40.5407258833,176.4821865833 -40.54076145,176.4821641333 -40.54078305,176.4821367167 -40.5408186333,176.4820836833 -40.54087365,176.4820298 -40.54091725,176.4819651167 -40.54097735,176.4819322167 -40.5410200333,176.4818603167 -40.5411446667,176.48182475 -40.54119205,176.4817826833 -40.5412328333,176.48166035 -40.5413665167,176.48163575 -40.5413996667,176.4815178667 -40.5415125167,176.4814686833 -40.5415788333,176.48144245 -40.5416304167,176.4814005333 -40.5417537333,176.4813199667 -40.5420851,176.48129375 -40.5421366667,176.48125185 -40.54217975,176.4811557167 -40.54226185,176.4810813667 -40.5423132,176.4810264667 -40.5423430667,176.48089165 -40.54239015,176.48081945 -40.5424299333,176.4807550333 -40.54245335,176.4807174333 -40.5424733167,176.4806006667 -40.5425608833,176.4805658 -40.5426174,176.4805483833 -40.5426663167,176.4802782667 -40.5428751167,176.4802172667 -40.5429442333,176.4801792333 -40.5429986167,176.4801392 -40.5430668333,176.4800004 -40.54322185,176.4799678333 -40.5432691167,176.4799314167 -40.5433050667,176.4798286167 -40.5433782833,176.4797807167 -40.5434216,176.47974235 -40.5434714167,176.4796893833 -40.5435677,176.47960095 -40.5436724,176.4795263167 -40.54376045,176.4794844167 -40.5438035167,176.4794446667 -40.5438350333,176.4794114167 -40.54387315,176.4793763667 -40.5439274,176.4793430167 -40.5440045,176.4792233833 -40.54417475,176.4791864333 -40.5442841,176.4791709833 -40.5443191667,176.4791620667 -40.5443608167,176.4791666667 -40.5444225333,176.47916415 -40.5445097833,176.4791480667 -40.5446572167,176.47910765 -40.5448011167,176.4790825667 -40.54494895,176.4790192833 -40.5451488667,176.4790080333 -40.5451998,176.4789716833 -40.5452770333,176.4789528167 -40.5453466333,176.47894045 -40.5454228333,176.4789037667 -40.5454954833,176.4788841333 -40.5455146833,176.4787590833 -40.5457333,176.4786810333 -40.5459774167,176.4786696167 -40.5460260667,176.4786492167 -40.5460750833,176.4786322167 -40.5461698333,176.478613 -40.5462348667,176.4786139167 -40.5462875667,176.4786022333 -40.5463729167,176.4786045167 -40.5464439,176.47861125 -40.54649405,176.4785962333 -40.54657495,176.4785315 -40.5467153,176.4785108833 -40.5468423,176.4785155333 -40.5469453,176.4785561667 -40.5472485167,176.47853065 -40.5474307667,176.4785121167 -40.5475049333,176.4784869667 -40.5475755833,176.4776052167 -40.5468353667,176.4753162167 -40.54529195,176.4733893167 -40.54340045,176.4733146667 -40.54304365,176.47188285 -40.5420664,176.4696024667 -40.5401900167,176.4686342 -40.5386194333,176.47021675 -40.5383115667,176.4739881167 -40.53912495,176.4764434833 -40.5362787,176.4785099333 -40.5347565,176.4817205667 -40.5335152,176.4843951 -40.5327735667,176.4867049667 -40.5328811667,176.4867103 -40.5328814167,176.4883456667 -40.5329283167,176.48840795 -40.5329301,176.4899576667 -40.5326485667,176.4900942833 -40.53262375,176.4905998 -40.5322016)))",1760560,WNE2/337,LIVE,Freehold,Wellington,1966/03/04 00:00:00,Guarantee,"Fee Simple, 1/1, Lot 1 Deposited Plan 2119, 11,670,122 m2",1,F
"MULTIPOLYGON (((174.92679895 -36.9408041167,174.9271606167 -36.9404764667,174.9271558 -36.9404897,174.92679895 -36.9408041167)))",3699844,NA102C/555,LIVE,Freehold,North Auckland,1996/02/15 00:00:00,Guarantee,"Fee Simple, 1/1, Lot 1 Deposited Plan 168648, 15 m2",1,F
"MULTIPOLYGON (((173.9091563833 -35.2661300667,173.9095632333 -35.2662008333,173.9095628833 -35.26620265,173.9091536667 -35.2661314333,173.9091563833 -35.2661300667)))",3883758,NA129B/804,LIVE,Freehold,North Auckland,2000/09/13 00:00:00,Guarantee,"Fee Simple, 1/1, Lot 3 Deposited Plan 201872, 7 m2",1,F
"MULTIPOLYGON (((174.8044105833 -36.90747675,174.8049193167 -36.9072528,174.8049383667 -36.9074778333,174.8044131167 -36.9075064833,174.8044105833 -36.90747675)))",3982898,NA76A/932,LIVE,Freehold,North Auckland,1990/01/24 00:00:00,Guarantee,"Fee Simple, 1/1, Lot 2 Deposited Plan 129982, 665 m2",2,F
"MULTIPOLYGON (((174.9096241667 -36.9357754167,174.9096005 -36.9358887167,174.9093237333 -36.9358514,174.9093474 -36.9357381,174.9096241667 -36.9357754167)))",4135455,55926,LIVE,Freehold,North Auckland,2002/10/25 15:35:59,Guarantee,"Fee Simple, 1/1, Lot 1 Deposited Plan 314139, 318 m2",1,F
"MULTIPOLYGON (((173.38451685 -34.8728660333,173.3846827 -34.8732931667,173.3843701667 -34.8733754667,173.3843473333 -34.8729059667,173.38451685 -34.8728660333)))",4423720,343731,LIVE,Freehold,North Auckland,2008/01/23 09:00:00,Guarantee,"Fee Simple, 1/1, Lot 165 Deposited Plan 385838, 1,155 m2",1,F
"MULTIPOLYGON (((174.7906667167 -36.9521473833,174.7908131833 -36.9521654667,174.7907338 -36.95236665,174.79066605 -36.9523463833,174.7905904167 -36.9523126667,174.7905219 -36.95227025,174.7904727667 -36.9522291,174.7906667167 -36.9521473833)))",4422260,342262,LIVE,Freehold,North Auckland,2007/09/10 09:00:00,Guarantee,"Fee Simple, 1/1, Lot 8 Deposited Plan 385464, 426 m2",1,F
"MULTIPOLYGON (((173.8600064333 -35.95128105,173.85997355 -35.95128515,173.8596724333 -35.9513224667,173.85963545 -35.9511252833,173.85993655 -35.95108795,173.8599694333 -35.9510838667,173.8600064333 -35.95128105)))",4420619,340595,LIVE,Freehold,North Auckland,2008/10/28 15:31:31,Guarantee,"Fee Simple, 1/1, Lot 17 Deposited Plan 385000, 674 m2",1,F
"MULTIPOLYGON (((174.4140548833 -36.26030035,174.4136916833 -36.25996345,174.4138800167 -36.2598292833,174.41424615 -36.2601576833,174.4140548833 -36.26030035)))",4595004,520732,LIVE,Freehold,North Auckland,2010/04/26 09:00:00,Guarantee,"Fee Simple, 1/1, Oruawharo D1B1 Block, 1,012 m2",1,F
